url,last_crawled
https://tomninggoteborg.se/bortforsling-av-mobiler,2026-06-17 00:00:00
https://tomninggoteborg.se/stadsdel/kortedala,2026-06-17 00:00:00
https://tomninggoteborg.se/bortforsling-av-skrap,2026-06-17 00:00:00
https://tomninggoteborg.se/orgryte,2026-06-16 00:00:00
https://tomninggoteborg.se/bortforsling-av-kontor,2026-06-16 00:00:00
https://tomninggoteborg.se/flyttfirma-lerum,2026-06-16 00:00:00
https://tomninggoteborg.se/tjanster/packhjalp,2026-06-16 00:00:00
https://tomninggoteborg.se/akut-flytt,2026-06-16 00:00:00
https://tomninggoteborg.se/kommun/partille-inkl-savedalen,2026-06-16 00:00:00
https://tomninggoteborg.se/omraden/tuve,2026-06-16 00:00:00
https://tomninggoteborg.se/stadsdel/garda,2026-06-14 00:00:00
https://tomninggoteborg.se/tomning-av-radhus,2026-06-12 00:00:00
https://tomninggoteborg.se/stadsdel/olskroken,2026-06-12 00:00:00
https://tomninggoteborg.se/flyttfirma-torslanda,2026-06-12 00:00:00
https://tomninggoteborg.se/omraden/torslanda,2026-06-12 00:00:00
https://tomninggoteborg.se/region/orust,2026-06-10 00:00:00
https://tomninggoteborg.se/kommun/lerum,2026-06-10 00:00:00
https://tomninggoteborg.se/tomning-dodsbo-frolunda,2026-06-10 00:00:00
https://tomninggoteborg.se/stadsdel/hammarkullen,2026-06-09 00:00:00
https://tomninggoteborg.se/stadsdel/angered,2026-06-08 00:00:00
https://tomninggoteborg.se/akut-flytthjalp-goteborg,2026-06-07 00:00:00
https://tomninggoteborg.se/foretagsflytt-:slug,2026-06-07 00:00:00
https://tomninggoteborg.se/tomma-forrad-goteborg,2026-06-06 00:00:00
https://tomninggoteborg.se/tomma-dodsbo-lindome,2026-06-06 00:00:00
https://tomninggoteborg.se/stadsdel/nordstan,2026-06-06 00:00:00
https://tomninggoteborg.se/stadsdel/onnered,2026-06-06 00:00:00
https://tomninggoteborg.se/tjanster/bortforsling-atervinning,2026-06-06 00:00:00
https://tomninggoteborg.se/kontorsflytt-:slug,2026-06-06 00:00:00
https://tomninggoteborg.se/tomning-dodsbo-kungalv,2026-06-06 00:00:00
https://tomninggoteborg.se/tjanster/akut-flytt,2026-06-05 00:00:00
https://tomninggoteborg.se/bortforsling-av-vitvaror,2026-06-05 00:00:00
https://tomninggoteborg.se/stadsdel/langedrag,2026-06-05 00:00:00
https://tomninggoteborg.se/stadsdel/gamlestaden,2026-06-04 00:00:00
https://tomninggoteborg.se/tomning-dodsbo-lerum,2026-06-04 00:00:00
https://tomninggoteborg.se/kommun/bohus,2026-06-04 00:00:00
https://tomninggoteborg.se/flyttfirma-molndal,2026-06-04 00:00:00
https://tomninggoteborg.se/bortforsling-av-lokal-lager,2026-06-03 00:00:00
https://tomninggoteborg.se/stadsdel/karra,2026-06-03 00:00:00
https://tomninggoteborg.se/tomning-dodsbo-partille,2026-06-03 00:00:00
https://tomninggoteborg.se/tjanster/bohagsflytt,2026-06-03 00:00:00
https://tomninggoteborg.se/blogg/tomning-dodsbo-goteborg-vastra-gotaland-guide-2025,2026-06-03 00:00:00
https://tomninggoteborg.se/kommun/kungsbacka,2026-06-02 00:00:00
https://tomninggoteborg.se/kommun/surte,2026-06-02 00:00:00
https://tomninggoteborg.se/region/uddevalla,2026-06-02 00:00:00
https://tomninggoteborg.se/tomma-dodsbo-kungsbacka,2026-06-02 00:00:00
https://tomninggoteborg.se/tomning-forrad-garage-kallare-vind,2026-06-02 00:00:00
https://tomninggoteborg.se/lokal-kontorsutrymning,2026-06-01 00:00:00
https://tomninggoteborg.se/flyttpaket-goteborg,2026-06-01 00:00:00
https://tomninggoteborg.se/stadsdel/krokslatt,2026-06-01 00:00:00
https://tomninggoteborg.se/flyttfirma-kortedala,2026-06-01 00:00:00
https://tomninggoteborg.se/flyttfirma-askim,2026-06-01 00:00:00
https://tomninggoteborg.se/tomning-dodsbo-hisingen,2026-06-01 00:00:00
https://tomninggoteborg.se/region/vargarda,2026-05-31 00:00:00
https://tomninggoteborg.se/omraden/askim,2026-05-31 00:00:00
https://tomninggoteborg.se/stadsdel/tynnered,2026-05-31 00:00:00
https://tomninggoteborg.se/kommun/kungalv,2026-05-31 00:00:00
https://tomninggoteborg.se/flyttfirma-frolunda,2026-05-31 00:00:00
https://tomninggoteborg.se/flyttfirma-hovas,2026-05-31 00:00:00
https://tomninggoteborg.se/tjanster/akut-tomning,2026-05-30 00:00:00
https://tomninggoteborg.se/region/trollhattan,2026-05-30 00:00:00
https://tomninggoteborg.se/tomning-lagenhet-molndal,2026-05-30 00:00:00
https://tomninggoteborg.se/flytt-i-centrum,2026-05-30 00:00:00
https://tomninggoteborg.se/akut-utrymning-hyresvard,2026-05-29 00:00:00
https://tomninggoteborg.se/stadsdel/lindholmen,2026-05-29 00:00:00
https://tomninggoteborg.se/stadsdel/kungsladugard,2026-05-29 00:00:00
https://tomninggoteborg.se/stadsdel/hogsbo,2026-05-28 00:00:00
https://tomninggoteborg.se/omraden/bagaregarden,2026-05-28 00:00:00
https://tomninggoteborg.se/blogg/tomning-goteborg-omnejd-dodsbo-flytt-akut,2026-05-28 00:00:00
https://tomninggoteborg.se/tjanster/akut-flytt-och-stad,2026-05-27 00:00:00
https://tomninggoteborg.se/tjanster/tomning-av-hushall,2026-05-27 00:00:00
https://tomninggoteborg.se/region/tjorn,2026-05-26 00:00:00
https://tomninggoteborg.se/stadsdel/bagaregarden,2026-05-26 00:00:00
https://tomninggoteborg.se/stadsdel/johanneberg,2026-05-26 00:00:00
https://tomninggoteborg.se/stadsdel/kalltorp,2026-05-25 00:00:00
https://tomninggoteborg.se/tjanster/garage-vind-tomning,2026-05-25 00:00:00
https://tomninggoteborg.se/tjanster/kontorsflytt,2026-05-25 00:00:00
https://tomninggoteborg.se/tjanster/akut-flyttstadning,2026-05-25 00:00:00
https://tomninggoteborg.se/akut-flyttstadning,2026-05-24 00:00:00
https://tomninggoteborg.se/flyttfirma-angered,2026-05-24 00:00:00
https://tomninggoteborg.se/bortforsling-av-byggavfall,2026-05-24 00:00:00
https://tomninggoteborg.se/region/lilla-edet,2026-05-22 00:00:00
https://tomninggoteborg.se/omraden/slottsberget,2026-05-22 00:00:00
https://tomninggoteborg.se/kundfall/:slug,2026-05-22 00:00:00
https://tomninggoteborg.se/region/stenungsund,2026-05-22 00:00:00
https://tomninggoteborg.se/omraden/backaplan,2026-05-20 00:00:00
https://tomninggoteborg.se/stadsdel/guldheden,2026-05-19 00:00:00
https://tomninggoteborg.se/blogg/professionell-tomning-utan-rut,2026-05-19 00:00:00
https://tomninggoteborg.se/stadsdel/utby,2026-05-11 00:00:00
https://tomninggoteborg.se/tomning-kungalv,2026-05-01 00:00:00
https://tomninggoteborg.se/omraden/alingsas,2026-02-20 00:00:00
https://tomninggoteborg.se/omraden/ale,2026-01-31 00:00:00
https://tomninggoteborg.se/omraden/:slug,2026-01-22 00:00:00
https://tomninggoteborg.se/tjanster,2025-12-28 00:00:00
https://tomninggoteborg.se/omraden/ockero,2025-12-28 00:00:00
https://tomninggoteborg.se/omraden/goteborg,2025-12-27 00:00:00
https://tomninggoteborg.se/omraden/ringon,2025-12-25 00:00:00
https://tomninggoteborg.se/omraden/sannegarden,2025-12-25 00:00:00
https://tomninggoteborg.se/omraden/frihamnen,2025-12-25 00:00:00
https://tomninggoteborg.se/omraden/sisjon,2025-12-25 00:00:00
https://tomninggoteborg.se/omraden/hovas,2025-12-24 00:00:00
https://tomninggoteborg.se/omraden/hjallbo,2025-12-24 00:00:00
https://tomninggoteborg.se/omraden/gardsas,2025-12-24 00:00:00
https://tomninggoteborg.se/omraden/brunnsbo,2025-12-24 00:00:00
https://tomninggoteborg.se/omraden/saltholmen,2025-12-24 00:00:00
https://tomninggoteborg.se/omraden/slottsskogen,2025-12-24 00:00:00
https://tomninggoteborg.se/foretagsflytt-{dynamic},2025-12-22 00:00:00
https://tomninggoteborg.se/omraden/bellevue,2025-12-18 00:00:00
https://tomninggoteborg.se/omraden/utby,2025-12-18 00:00:00
